{
  "winner": "XGBoost",
  "feature_order": [
    "Age",
    "Experience",
    "Income",
    "Family",
    "CCAvg",
    "Education",
    "Mortgage",
    "Securities Account",
    "CD Account",
    "Online",
    "CreditCard"
  ],
  "n_train": 3500,
  "n_test": 1500,
  "best_params": {
    "subsample": 0.9,
    "n_estimators": 600,
    "min_child_weight": 3,
    "max_depth": 7,
    "learning_rate": 0.03,
    "colsample_bytree": 0.7
  },
  "feature_importance": {
    "Age": 0.017395706847310066,
    "Experience": 0.017394457012414932,
    "Income": 0.2409299910068512,
    "Family": 0.16730278730392456,
    "CCAvg": 0.07597306370735168,
    "Education": 0.2608446478843689,
    "Mortgage": 0.035868410021066666,
    "Securities Account": 0.01854422502219677,
    "CD Account": 0.11849521845579147,
    "Online": 0.022394318133592606,
    "CreditCard": 0.02485710009932518
  },
  "all_models": {
    "LogisticRegression": {
      "accuracy": 0.8953333333333333,
      "precision": 0.47619047619047616,
      "recall": 0.9027777777777778,
      "f1_score": 0.6235011990407674,
      "roc_auc": 0.9613548836447066,
      "confusion_matrix": [
        [
          1213,
          143
        ],
        [
          14,
          130
        ]
      ],
      "cv_mean": 0.8945714285714285,
      "cv_std": 0.013504345483538838
    },
    "DecisionTree": {
      "accuracy": 0.982,
      "precision": 0.8926174496644296,
      "recall": 0.9236111111111112,
      "f1_score": 0.9078498293515358,
      "roc_auc": 0.9726421665027861,
      "confusion_matrix": [
        [
          1340,
          16
        ],
        [
          11,
          133
        ]
      ],
      "cv_mean": 0.9817142857142857,
      "cv_std": 0.004276179870598803
    },
    "RandomForest": {
      "accuracy": 0.9886666666666667,
      "precision": 0.9703703703703703,
      "recall": 0.9097222222222222,
      "f1_score": 0.9390681003584229,
      "roc_auc": 0.9982971771550311,
      "confusion_matrix": [
        [
          1352,
          4
        ],
        [
          13,
          131
        ]
      ],
      "cv_mean": 0.9851428571428571,
      "cv_std": 0.0032071349029490796
    },
    "XGBoost": {
      "accuracy": 0.99,
      "precision": 0.9777777777777777,
      "recall": 0.9166666666666666,
      "f1_score": 0.946236559139785,
      "roc_auc": 0.9985660439200262,
      "confusion_matrix": [
        [
          1353,
          3
        ],
        [
          12,
          132
        ]
      ],
      "cv_mean": 0.984,
      "cv_std": 0.004462999814803811
    },
    "KNN": {
      "accuracy": 0.9613333333333334,
      "precision": 0.9134615384615384,
      "recall": 0.6597222222222222,
      "f1_score": 0.7661290322580645,
      "roc_auc": 0.932913901179941,
      "confusion_matrix": [
        [
          1347,
          9
        ],
        [
          49,
          95
        ]
      ],
      "cv_mean": 0.9588571428571427,
      "cv_std": 0.0057427860692119545
    }
  },
  "accuracy": 0.99,
  "precision": 0.9777777777777777,
  "recall": 0.9166666666666666,
  "f1_score": 0.946236559139785,
  "roc_auc": 0.9985660439200262,
  "cv_mean": 0.984,
  "cv_std": 0.004462999814803811,
  "confusion_matrix": [
    [
      1353,
      3
    ],
    [
      12,
      132
    ]
  ]
}